[
    {
        "path": "result/raw_result/resnet152_posLen_tp_1_sgd_hlr_nesterov/tests/posLen_tp_1/Iter_480000/resultInfo.json",
        "loss": {
            "MLAE": {
                "avg": -0.03142044818289605,
                "std": 0.4657921706154403
            },
            "MLAE_unmatch": {
                "avg": -3.0,
                "std": 0.0
            },
            "ABS": {
                "avg": 0.009043248111871238,
                "std": 0.0032061334589398647
            },
            "ABS_unmatch": {
                "avg": 0.0,
                "std": 0.0
            },
            "count": 10000
        }
    }
]