[
    {
        "path": "result/raw_result/resnet152_posLen_tp_1_sgd_llr_nesterov/tests/posLen_tp_1/Iter_496000/resultInfo.json",
        "loss": {
            "MLAE": {
                "avg": 1.3674572608425004,
                "std": 0.5071686776908164
            },
            "MLAE_unmatch": {
                "avg": -3.0,
                "std": 0.0
            },
            "ABS": {
                "avg": 0.026128344908720583,
                "std": 0.009124303357268024
            },
            "ABS_unmatch": {
                "avg": 0.0,
                "std": 0.0
            },
            "count": 10000
        }
    }
]